{
  "eval_loss": 10.391675491333007,
  "perplexity": 32587.220827056943,
  "token_accuracy": 0.008703414416424905,
  "token_precision": 0.005359667496800833,
  "token_recall": 0.008703414416424905,
  "token_f1": 0.006294454645496536,
  "rouge1": 0.29486088079873857,
  "rouge2": 0.11323503499577121,
  "rougeL": 0.21457026965595333
}